
-- ----------------------------
-- Records of TB_SM_MENU
-- ----------------------------
INSERT INTO "QYB_WORKFLOW"."TB_SM_MENU" VALUES ('0D4DC6790A6048C497BCC78089A1D6FF', '1', '#/f/serviceentrypage', 'fa-calendar-o', '0', null);
INSERT INTO "QYB_WORKFLOW"."TB_SM_MENU" VALUES ('67A3CA36C0C040DF94E255D3C9E21267', '1', '#/f/servicemanageformfieldmanage', 'fa-cubes', '0', null);
INSERT INTO "QYB_WORKFLOW"."TB_SM_MENU" VALUES ('A082F7E68C8746F5A5F5FF8B77CEE309', '1', '#/f/webdiscategorymanage', 'fa-calendar-o', '0', null);
INSERT INTO "QYB_WORKFLOW"."TB_SM_MENU" VALUES ('9F4582BBC97949DF85577D2EC6DD51DB', '1', '#/f/servicemanageformmanage', 'fa-check-square', '0', null);
INSERT INTO "QYB_WORKFLOW"."TB_SM_MENU" VALUES ('75603149B5454684B2A5212A8913306A', '1', null, 'fa-briefcase', '0', null);
INSERT INTO "QYB_WORKFLOW"."TB_SM_MENU" VALUES ('E9BBCB41CDD44020BE52B9B0A1EB7446', '1', null, 'fa-cogs', '0', null);
INSERT INTO "QYB_WORKFLOW"."TB_SM_MENU" VALUES ('3C32A494DF1A401F9F573F35FEC464F9', '1', '#/f/procTypeManage', 'fa-bars', '0', null);
INSERT INTO "QYB_WORKFLOW"."TB_SM_MENU" VALUES ('3A8EE65557AD447384B96A31F9DCA0DC', '1', '#/f/serviceproductmanage', 'fa-calendar', '0', null);
INSERT INTO "QYB_WORKFLOW"."TB_SM_MENU" VALUES ('76320F6FDD9A446FA49C0766AD3E2515', '1', '#/f/servicemoduleprocessconfig', 'fa-cogs', '0', null);
INSERT INTO "QYB_WORKFLOW"."TB_SM_MENU" VALUES ('3AE51DD848644D8ABED0141138B958E3', '1', null, 'fa-check', '0', null);
INSERT INTO "QYB_WORKFLOW"."TB_SM_MENU" VALUES ('44E8E8B95A8044C689398EC3FE82DB78', '1', '#/f/mycarapply', 'fa-bars', '0', null);
INSERT INTO "QYB_WORKFLOW"."TB_SM_MENU" VALUES ('FFAF46CD611244CFAD990C11E27E8770', '1', '#/f/dynamictabmanage', 'fa-external-link', '0', null);

-- ----------------------------
-- Records of TB_SM_PRIVILEGE
-- ----------------------------
INSERT INTO "QYB_WORKFLOW"."TB_SM_PRIVILEGE" VALUES ('0D4DC6790A6048C497BCC78089A1D6FF', 'moduleentry1', '登记', '3AE51DD848644D8ABED0141138B958E3', '4', 'moduleentry1', '1', TO_DATE('2016-06-25 00:00:00', 'YYYY-MM-DD HH24:MI:SS'), null, '0');
INSERT INTO "QYB_WORKFLOW"."TB_SM_PRIVILEGE" VALUES ('67A3CA36C0C040DF94E255D3C9E21267', 'fieldmanage1', '字段管理', 'E9BBCB41CDD44020BE52B9B0A1EB7446', '4', 'fieldmanage1', '1', TO_DATE('2016-06-25 18:09:01', 'YYYY-MM-DD HH24:MI:SS'), '0', '0');
INSERT INTO "QYB_WORKFLOW"."TB_SM_PRIVILEGE" VALUES ('A082F7E68C8746F5A5F5FF8B77CEE309', 'uitemplatemanage1', 'UI模板管理', 'E9BBCB41CDD44020BE52B9B0A1EB7446', '4', 'uitemplatemanage1', '1', TO_DATE('2016-06-25 00:00:00', 'YYYY-MM-DD HH24:MI:SS'), '5', '0');
INSERT INTO "QYB_WORKFLOW"."TB_SM_PRIVILEGE" VALUES ('9F4582BBC97949DF85577D2EC6DD51DB', 'formmanage1', '表单管理', 'E9BBCB41CDD44020BE52B9B0A1EB7446', '4', 'formmanage1', '1', TO_DATE('2016-06-25 18:11:16', 'YYYY-MM-DD HH24:MI:SS'), '1', '0');
INSERT INTO "QYB_WORKFLOW"."TB_SM_PRIVILEGE" VALUES ('75603149B5454684B2A5212A8913306A', 'qybwf', '企事工作流', '0', '4', 'qybwf', '1', TO_DATE('2016-06-25 00:00:00', 'YYYY-MM-DD HH24:MI:SS'), null, '0');
INSERT INTO "QYB_WORKFLOW"."TB_SM_PRIVILEGE" VALUES ('E9BBCB41CDD44020BE52B9B0A1EB7446', 'wfconfig', '工作流配置', '75603149B5454684B2A5212A8913306A', '4', 'wfconfig', '1', TO_DATE('2016-06-25 00:00:00', 'YYYY-MM-DD HH24:MI:SS'), null, '0');
INSERT INTO "QYB_WORKFLOW"."TB_SM_PRIVILEGE" VALUES ('3C32A494DF1A401F9F573F35FEC464F9', 'processdefmanage1', '流程定义管理', 'E9BBCB41CDD44020BE52B9B0A1EB7446', '4', 'processdefmanage1', '1', TO_DATE('2016-06-25 00:00:00', 'YYYY-MM-DD HH24:MI:SS'), '6', '0');
INSERT INTO "QYB_WORKFLOW"."TB_SM_PRIVILEGE" VALUES ('3A8EE65557AD447384B96A31F9DCA0DC', 'modulemanage1', '事项管理', 'E9BBCB41CDD44020BE52B9B0A1EB7446', '4', 'modulemanage1', '1', TO_DATE('2016-06-25 00:00:00', 'YYYY-MM-DD HH24:MI:SS'), '2', '0');
INSERT INTO "QYB_WORKFLOW"."TB_SM_PRIVILEGE" VALUES ('76320F6FDD9A446FA49C0766AD3E2515', 'moduleconfig1', '事项配置', 'E9BBCB41CDD44020BE52B9B0A1EB7446', '4', 'moduleconfig1', '1', TO_DATE('2016-06-25 00:00:00', 'YYYY-MM-DD HH24:MI:SS'), '3', '0');
INSERT INTO "QYB_WORKFLOW"."TB_SM_PRIVILEGE" VALUES ('3AE51DD848644D8ABED0141138B958E3', 'mywfwork', '业务测试', '75603149B5454684B2A5212A8913306A', '4', 'mywfwork', '1', TO_DATE('2016-06-25 00:00:00', 'YYYY-MM-DD HH24:MI:SS'), null, '0');
INSERT INTO "QYB_WORKFLOW"."TB_SM_PRIVILEGE" VALUES ('44E8E8B95A8044C689398EC3FE82DB78', 'mycarapply', '处理', '3AE51DD848644D8ABED0141138B958E3', '4', 'mycarapply', '1', TO_DATE('2016-07-24 00:00:00', 'YYYY-MM-DD HH24:MI:SS'), null, '0');
INSERT INTO "QYB_WORKFLOW"."TB_SM_PRIVILEGE" VALUES ('FFAF46CD611244CFAD990C11E27E8770', 'tabsmanage2', 'tab页管理', 'E9BBCB41CDD44020BE52B9B0A1EB7446', '4', 'tabsmanage2', '1', TO_DATE('2016-06-25 00:00:00', 'YYYY-MM-DD HH24:MI:SS'), '4', '0');


-- ----------------------------
-- Records of TD_SM_GROUP
-- ----------------------------
INSERT INTO "QYB_WORKFLOW"."TD_SM_GROUP" VALUES ('1', '1', '通用岗位【管理员】对应的匿名用户组', '0', '1', null, null, null, null, null, '2');
INSERT INTO "QYB_WORKFLOW"."TD_SM_GROUP" VALUES ('2', '2', '通用岗位【普通用户】对应的匿名用户组', '0', '1', null, null, null, null, null, '2');
INSERT INTO "QYB_WORKFLOW"."TD_SM_GROUP" VALUES ('94C60E1B88534E77A5188E962C45CC41', '94C60E1B88534E77A5188E962C45CC41', '通用岗位【部门领导】对应的匿名用户组', '0', '1', null, null, null, null, null, '2');
INSERT INTO "QYB_WORKFLOW"."TD_SM_GROUP" VALUES ('C777C206BA2C476FBB23E31D1329772C', 'C777C206BA2C476FBB23E31D1329772C', '通用岗位【工作流test岗位2】对应的匿名用户组', '0', '1', null, null, null, null, null, '2');
INSERT INTO "QYB_WORKFLOW"."TD_SM_GROUP" VALUES ('6525BA5773B34F5E9C65A060B3390645', '6525BA5773B34F5E9C65A060B3390645', '机构【总公司】对应的匿名用户组', '0', '1', null, null, null, null, null, '1');
INSERT INTO "QYB_WORKFLOW"."TD_SM_GROUP" VALUES ('AA0D26C1C5384BC189638B689483AA5A', 'AA0D26C1C5384BC189638B689483AA5A', '机构【分公司】对应的匿名用户组', '0', '1', null, null, null, null, null, '1');


-- ----------------------------
-- Records of TD_SM_GROUPORG
-- ----------------------------
INSERT INTO "QYB_WORKFLOW"."TD_SM_GROUPORG" VALUES ('6525BA5773B34F5E9C65A060B3390645', '320DFDB542AF4AE3A8D6C582F179A929');
INSERT INTO "QYB_WORKFLOW"."TD_SM_GROUPORG" VALUES ('AA0D26C1C5384BC189638B689483AA5A', '9D01396CE43842C1A271C8E3AFE01B07');


-- ----------------------------
-- Records of TD_SM_GROUPORGJOB
-- ----------------------------
INSERT INTO "QYB_WORKFLOW"."TD_SM_GROUPORGJOB" VALUES ('1', '1');
INSERT INTO "QYB_WORKFLOW"."TD_SM_GROUPORGJOB" VALUES ('2', '2');
INSERT INTO "QYB_WORKFLOW"."TD_SM_GROUPORGJOB" VALUES ('94C60E1B88534E77A5188E962C45CC41', 'B201631EBF2E4D60B1FFAACCC1DABA13');
INSERT INTO "QYB_WORKFLOW"."TD_SM_GROUPORGJOB" VALUES ('C777C206BA2C476FBB23E31D1329772C', 'BD2DB598228B4794B97B4388F905EC7F');


-- ----------------------------
-- Records of TD_SM_GROUPROLE
-- ----------------------------
INSERT INTO "QYB_WORKFLOW"."TD_SM_GROUPROLE" VALUES ('1', '1', '1');
INSERT INTO "QYB_WORKFLOW"."TD_SM_GROUPROLE" VALUES ('2', '2', '1');
INSERT INTO "QYB_WORKFLOW"."TD_SM_GROUPROLE" VALUES ('94C60E1B88534E77A5188E962C45CC41', '3A7E3CE88D2E47A19DC5DF9A7FE13489', null);
INSERT INTO "QYB_WORKFLOW"."TD_SM_GROUPROLE" VALUES ('C777C206BA2C476FBB23E31D1329772C', 'F0CF9F51AAA74D9EADE6964DCA05A0A2', null);


-- ----------------------------
-- Records of TD_SM_INSTANCE_JOB
-- ----------------------------
INSERT INTO "QYB_WORKFLOW"."TD_SM_INSTANCE_JOB" VALUES ('7A43AFF7F87B4C19AF2FCBB0C81CED2A', '0', '9999');
INSERT INTO "QYB_WORKFLOW"."TD_SM_INSTANCE_JOB" VALUES ('0D633B2FEEBA4532A5A03F2DE529A90C', '0', '9999');


-- ----------------------------
-- Records of TD_SM_INSTANCE_ORG
-- ----------------------------
INSERT INTO "QYB_WORKFLOW"."TD_SM_INSTANCE_ORG" VALUES ('4A45E0D0573443A19007AF7E071F5E99', '1', '999');
INSERT INTO "QYB_WORKFLOW"."TD_SM_INSTANCE_ORG" VALUES ('EF0DA196F8B047CABF51BC3BD76CAB6D', '1', '999');


-- ----------------------------
-- Records of TD_SM_JOB
-- ----------------------------
INSERT INTO "QYB_WORKFLOW"."TD_SM_JOB" VALUES ('1', '管理员', '管理员', '0', null, null, null, null, null, '1');
INSERT INTO "QYB_WORKFLOW"."TD_SM_JOB" VALUES ('2', '普通用户', '普通用户', '0', null, null, null, null, null, '1');
INSERT INTO "QYB_WORKFLOW"."TD_SM_JOB" VALUES ('B201631EBF2E4D60B1FFAACCC1DABA13', '工作流test岗位1', null, '0', null, null, null, null, null, '1');
INSERT INTO "QYB_WORKFLOW"."TD_SM_JOB" VALUES ('BD2DB598228B4794B97B4388F905EC7F', '工作流test岗位2', null, '0', null, null, null, null, null, '1');

-- ----------------------------
-- Records of TD_SM_ORGANIZATION
-- ----------------------------
INSERT INTO "QYB_WORKFLOW"."TD_SM_ORGANIZATION" VALUES ('320DFDB542AF4AE3A8D6C582F179A929', '999', '总公司', '总公司', '0', null, null, null, null, null, null, TO_DATE('2016-06-25 18:31:19', 'YYYY-MM-DD HH24:MI:SS'), '1', '11', null, null, '1', '11', '0', '0', '0', '0', null, null, null, null, null, null, null, null, null, null);
INSERT INTO "QYB_WORKFLOW"."TD_SM_ORGANIZATION" VALUES ('9D01396CE43842C1A271C8E3AFE01B07', '999', '分公司', '分公司', '320DFDB542AF4AE3A8D6C582F179A929', null, null, null, null, null, null, TO_DATE('2016-06-25 18:31:44', 'YYYY-MM-DD HH24:MI:SS'), '1', '21', null, null, '1', '21', '0', '0', '0', '0', null, null, null, null, null, null, null, null, null, null);

INSERT INTO "QYB_WORKFLOW"."TD_SM_ROLE" VALUES ('3A7E3CE88D2E47A19DC5DF9A7FE13489', '3A7E3CE88D2E47A19DC5DF9A7FE13489', '-1', '岗位【部门领导】对应的匿名角色', '1', '1', null, null, null, null, null);
INSERT INTO "QYB_WORKFLOW"."TD_SM_ROLE" VALUES ('F0CF9F51AAA74D9EADE6964DCA05A0A2', 'F0CF9F51AAA74D9EADE6964DCA05A0A2', '-1', '岗位【工作流test岗位2】对应的匿名角色', '1', '1', null, null, null, null, null);



-- ----------------------------
-- Records of TD_SM_ROLERESOP
-- ----------------------------
INSERT INTO "QYB_WORKFLOW"."TD_SM_ROLERESOP" VALUES ('75603149B5454684B2A5212A8913306A', null, '3A7E3CE88D2E47A19DC5DF9A7FE13489', null, null, null, null, null, null, null, null, null, null);
INSERT INTO "QYB_WORKFLOW"."TD_SM_ROLERESOP" VALUES ('3AE51DD848644D8ABED0141138B958E3', null, '3A7E3CE88D2E47A19DC5DF9A7FE13489', null, null, null, null, null, null, null, null, null, null);
INSERT INTO "QYB_WORKFLOW"."TD_SM_ROLERESOP" VALUES ('0D4DC6790A6048C497BCC78089A1D6FF', null, '3A7E3CE88D2E47A19DC5DF9A7FE13489', null, null, null, null, null, null, null, null, null, null);
INSERT INTO "QYB_WORKFLOW"."TD_SM_ROLERESOP" VALUES ('75603149B5454684B2A5212A8913306A', null, 'F0CF9F51AAA74D9EADE6964DCA05A0A2', null, null, null, null, null, null, null, null, null, null);
INSERT INTO "QYB_WORKFLOW"."TD_SM_ROLERESOP" VALUES ('3AE51DD848644D8ABED0141138B958E3', null, 'F0CF9F51AAA74D9EADE6964DCA05A0A2', null, null, null, null, null, null, null, null, null, null);
INSERT INTO "QYB_WORKFLOW"."TD_SM_ROLERESOP" VALUES ('44E8E8B95A8044C689398EC3FE82DB78', null, 'F0CF9F51AAA74D9EADE6964DCA05A0A2', null, null, null, null, null, null, null, null, null, null);
INSERT INTO "QYB_WORKFLOW"."TD_SM_ROLERESOP" VALUES ('0D4DC6790A6048C497BCC78089A1D6FF', null, 'F0CF9F51AAA74D9EADE6964DCA05A0A2', null, null, null, null, null, null, null, null, null, null);
INSERT INTO "QYB_WORKFLOW"."TD_SM_ROLERESOP" VALUES ('44E8E8B95A8044C689398EC3FE82DB78', null, '3A7E3CE88D2E47A19DC5DF9A7FE13489', null, null, null, null, null, null, null, null, null, null);

INSERT INTO "QYB_WORKFLOW"."TD_SM_USER" VALUES ('B124CEC6B2D04B2BAE3D79E3B29D6D47', 'test02', '123456', '测试2', null, '-1', null, null, null, null, null, null, null, null, null, null, null, null, '2', TO_DATE('2016-06-25 21:38:59', 'YYYY-MM-DD HH24:MI:SS'), '7', '0', null, null, TO_DATE('2016-07-24 00:00:00', 'YYYY-MM-DD HH24:MI:SS'), null, '群众', '127.0.0.1', null, '999', null, null, null, null, null, null, null, null, null, null);
INSERT INTO "QYB_WORKFLOW"."TD_SM_USER" VALUES ('7674CC596F3C4DAA87C4C77243942EF1', 'test01', '123456', '测试1', null, '-1', null, null, null, null, null, null, null, null, null, null, null, null, '2', TO_DATE('2016-06-25 18:32:07', 'YYYY-MM-DD HH24:MI:SS'), '33', '0', null, null, TO_DATE('2016-07-24 00:00:00', 'YYYY-MM-DD HH24:MI:SS'), null, '群众', '127.0.0.1', null, '999', null, null, null, null, null, null, null, null, null, null);


-- ----------------------------
-- Records of TD_SM_USERINSTANCE
-- ----------------------------
INSERT INTO "QYB_WORKFLOW"."TD_SM_USERINSTANCE" VALUES ('7A43AFF7F87B4C19AF2FCBB0C81CED2A', '7674CC596F3C4DAA87C4C77243942EF1', 'B201631EBF2E4D60B1FFAACCC1DABA13', '2', '1');
INSERT INTO "QYB_WORKFLOW"."TD_SM_USERINSTANCE" VALUES ('4A45E0D0573443A19007AF7E071F5E99', 'B124CEC6B2D04B2BAE3D79E3B29D6D47', '9D01396CE43842C1A271C8E3AFE01B07', '1', '1');
INSERT INTO "QYB_WORKFLOW"."TD_SM_USERINSTANCE" VALUES ('0D633B2FEEBA4532A5A03F2DE529A90C', 'B124CEC6B2D04B2BAE3D79E3B29D6D47', 'BD2DB598228B4794B97B4388F905EC7F', '2', '1');
INSERT INTO "QYB_WORKFLOW"."TD_SM_USERINSTANCE" VALUES ('EF0DA196F8B047CABF51BC3BD76CAB6D', '7674CC596F3C4DAA87C4C77243942EF1', '9D01396CE43842C1A271C8E3AFE01B07', '1', '1');

-- ----------------------------
-- Records of TD_SM_USERINSTANCEGROUP
-- ----------------------------
INSERT INTO "QYB_WORKFLOW"."TD_SM_USERINSTANCEGROUP" VALUES ('7A43AFF7F87B4C19AF2FCBB0C81CED2A', '94C60E1B88534E77A5188E962C45CC41', null);
INSERT INTO "QYB_WORKFLOW"."TD_SM_USERINSTANCEGROUP" VALUES ('4A45E0D0573443A19007AF7E071F5E99', 'AA0D26C1C5384BC189638B689483AA5A', '9999');
INSERT INTO "QYB_WORKFLOW"."TD_SM_USERINSTANCEGROUP" VALUES ('0D633B2FEEBA4532A5A03F2DE529A90C', 'C777C206BA2C476FBB23E31D1329772C', null);
INSERT INTO "QYB_WORKFLOW"."TD_SM_USERINSTANCEGROUP" VALUES ('EF0DA196F8B047CABF51BC3BD76CAB6D', 'AA0D26C1C5384BC189638B689483AA5A', '9999');


-- ----------------------------
-- Records of TD_SM_USERINSTANCEROLE
-- ----------------------------

INSERT INTO "QYB_WORKFLOW"."TD_SM_USERINSTANCEROLE" VALUES ('7A43AFF7F87B4C19AF2FCBB0C81CED2A', '2');
INSERT INTO "QYB_WORKFLOW"."TD_SM_USERINSTANCEROLE" VALUES ('4A45E0D0573443A19007AF7E071F5E99', '2');
INSERT INTO "QYB_WORKFLOW"."TD_SM_USERINSTANCEROLE" VALUES ('0D633B2FEEBA4532A5A03F2DE529A90C', '2');
INSERT INTO "QYB_WORKFLOW"."TD_SM_USERINSTANCEROLE" VALUES ('EF0DA196F8B047CABF51BC3BD76CAB6D', '2');
